{
	"info": {
		"_postman_id": "9e0919e7-dcbc-4e70-a5cd-9d069a9c5f3f",
		"name": "Java-Spring Bank",
		"schema": "https://schema.getpostman.com/json/collection/v2.1.0/collection.json",
		"_exporter_id": "18493846"
	},
	"item": [
		{
			"name": "Clients",
			"item": [
				{
					"name": "Get all clients",
					"request": {
						"method": "GET",
						"header": [],
						"url": {
							"raw": "http://{{url}}/api/clients",
							"protocol": "http",
							"host": [
								"{{url}}"
							],
							"path": [
								"api",
								"clients"
							]
						}
					},
					"response": []
				},
				{
					"name": "Get client by Id",
					"request": {
						"method": "GET",
						"header": [],
						"url": {
							"raw": "http://{{url}}/api/clients/{{clientId}}",
							"protocol": "http",
							"host": [
								"{{url}}"
							],
							"path": [
								"api",
								"clients",
								"{{clientId}}"
							]
						}
					},
					"response": []
				},
				{
					"name": "Create client",
					"request": {
						"method": "POST",
						"header": [],
						"body": {
							"mode": "raw",
							"raw": "{\r\n    \"dni\":  \"dni\",\r\n\t\"name\": \"name\",\r\n\t\"password\": \"password\",\r\n\t\"gender\": \"gender\",\r\n\t\"age\": 1,\r\n\t\"address\": \"address\",\r\n\t\"phone\": \"phone\",\r\n\t\"isActive\": true\r\n}",
							"options": {
								"raw": {
									"language": "json"
								}
							}
						},
						"url": {
							"raw": "http://{{url}}/api/clients",
							"protocol": "http",
							"host": [
								"{{url}}"
							],
							"path": [
								"api",
								"clients"
							]
						}
					},
					"response": []
				},
				{
					"name": "Edit client",
					"request": {
						"method": "PUT",
						"header": [],
						"body": {
							"mode": "raw",
							"raw": "{\r\n    \"dni\":  \"dni_edited\",\r\n\t\"name\": \"name_edited\",\r\n\t\"password\": \"password_edited\",\r\n\t\"gender\": \"gender_edited\",\r\n\t\"age\": 100,\r\n\t\"address\": \"address_edited\",\r\n\t\"phone\": \"phone_edited\",\r\n\t\"isActive\": false\r\n}",
							"options": {
								"raw": {
									"language": "json"
								}
							}
						},
						"url": {
							"raw": "http://{{url}}/api/clients/{{clientId}}",
							"protocol": "http",
							"host": [
								"{{url}}"
							],
							"path": [
								"api",
								"clients",
								"{{clientId}}"
							]
						}
					},
					"response": []
				},
				{
					"name": "Partially edit client",
					"request": {
						"method": "PATCH",
						"header": [],
						"body": {
							"mode": "raw",
							"raw": "{\r\n    \"isActive\": true\r\n}",
							"options": {
								"raw": {
									"language": "json"
								}
							}
						},
						"url": {
							"raw": "http://{{url}}/api/clients/{{clientId}}",
							"protocol": "http",
							"host": [
								"{{url}}"
							],
							"path": [
								"api",
								"clients",
								"{{clientId}}"
							]
						}
					},
					"response": []
				},
				{
					"name": "Delete client",
					"request": {
						"method": "DELETE",
						"header": [],
						"url": {
							"raw": "http://{{url}}/api/clients/{{clientId}}",
							"protocol": "http",
							"host": [
								"{{url}}"
							],
							"path": [
								"api",
								"clients",
								"{{clientId}}"
							]
						}
					},
					"response": []
				}
			]
		},
		{
			"name": "Accounts",
			"item": [
				{
					"name": "Get all accounts",
					"request": {
						"method": "GET",
						"header": [],
						"url": {
							"raw": "http://{{url}}/api/accounts",
							"protocol": "http",
							"host": [
								"{{url}}"
							],
							"path": [
								"api",
								"accounts"
							]
						}
					},
					"response": []
				},
				{
					"name": "Get account by Id",
					"request": {
						"method": "GET",
						"header": [],
						"url": {
							"raw": "http://{{url}}/api/accounts/{{accountId}}",
							"protocol": "http",
							"host": [
								"{{url}}"
							],
							"path": [
								"api",
								"accounts",
								"{{accountId}}"
							]
						}
					},
					"response": []
				},
				{
					"name": "Create account",
					"request": {
						"method": "POST",
						"header": [],
						"body": {
							"mode": "raw",
							"raw": "{\r\n\t\"number\": \"test\",\r\n\t\"type\": \"test\",\r\n\t\"initialAmount\": 0,\r\n\t\"isActive\": true,\r\n\t\"clientId\": {{clientId}}\r\n}",
							"options": {
								"raw": {
									"language": "json"
								}
							}
						},
						"url": {
							"raw": "http://{{url}}/api/accounts",
							"protocol": "http",
							"host": [
								"{{url}}"
							],
							"path": [
								"api",
								"accounts"
							]
						}
					},
					"response": []
				},
				{
					"name": "Edit Account",
					"request": {
						"method": "PUT",
						"header": [],
						"body": {
							"mode": "raw",
							"raw": "{\r\n\t\"number\": \"test_editd\",\r\n\t\"type\": \"test_edited\",\r\n\t\"initialAmount\": 100,\r\n\t\"isActive\": false,\r\n\t\"clientId\": {{clientId}}\r\n}",
							"options": {
								"raw": {
									"language": "json"
								}
							}
						},
						"url": {
							"raw": "http://{{url}}/api/accounts/{{accountId}}",
							"protocol": "http",
							"host": [
								"{{url}}"
							],
							"path": [
								"api",
								"accounts",
								"{{accountId}}"
							]
						}
					},
					"response": []
				},
				{
					"name": "Partially edit account",
					"request": {
						"method": "PATCH",
						"header": [],
						"body": {
							"mode": "raw",
							"raw": "{\r\n    \"isActive\": true\r\n}",
							"options": {
								"raw": {
									"language": "json"
								}
							}
						},
						"url": {
							"raw": "http://{{url}}/api/accounts/{{accountId}}",
							"protocol": "http",
							"host": [
								"{{url}}"
							],
							"path": [
								"api",
								"accounts",
								"{{accountId}}"
							]
						}
					},
					"response": []
				},
				{
					"name": "Delete account",
					"request": {
						"method": "DELETE",
						"header": [],
						"url": {
							"raw": "http://{{url}}/api/accounts/{{clientId}}",
							"protocol": "http",
							"host": [
								"{{url}}"
							],
							"path": [
								"api",
								"accounts",
								"{{clientId}}"
							]
						}
					},
					"response": []
				}
			]
		},
		{
			"name": "Transactions",
			"item": [
				{
					"name": "Get all transactions",
					"request": {
						"method": "GET",
						"header": [],
						"url": {
							"raw": "http://{{url}}/api/transactions",
							"protocol": "http",
							"host": [
								"{{url}}"
							],
							"path": [
								"api",
								"transactions"
							]
						}
					},
					"response": []
				},
				{
					"name": "Get transaction by Id",
					"request": {
						"method": "GET",
						"header": [],
						"url": {
							"raw": "http://{{url}}/api/transactions",
							"protocol": "http",
							"host": [
								"{{url}}"
							],
							"path": [
								"api",
								"transactions"
							]
						}
					},
					"response": []
				}
			]
		}
	]
}